ID_Penjualan,Nama_Mainan,Kategori,Tanggal_Penjualan,Harga,Jumlah_Terjual;;;;;;;
QGVGB,Mega Doll,Mainan Binatang,2023-04-17,55000,11;;;;;;;
CDXFN,Adventure Puzzle,Mainan Kreatif,2023-04-15,121000,78;;;;;;;https://github.com/JaneYeager/Tugas-Data-Mining/upload/main
RSXNB,Power Animal,Mainan Edukasi,2023-10-28,145000,68;;;;;;;
KHJTF,Fun Set,Mainan Lainnya,2024-04-27,9000,19;;;;;;;
LNSDS,Adventure Game,Mainan Edukasi,2024-06-18,6000,49;;;;;;;
PWJCT,Fun Action Figure,Mainan Binatang,2024-04-06,26000,66;;;;;;;
DUSTT,Happy Craft,Mainan Elektronik,2023-06-20,46000,40;;;;;;;
ZNXHF,Happy Craft,Mainan Kreatif,2023-07-27,121000,48;;;;;;;
PULWC,Adventure Toy,Mainan Lainnya,2023-05-05,68000,78;;;;;;;
OUGEY,Wonder Animal,Mainan Kreatif,2023-06-26,50000,83;;;;;;;
RYCFY,Power Puzzle,Mainan Kreatif,2024-04-11,26000,79;;;;;;;
JMMPA,Adventure Toy,Mainan Lainnya,2023-11-12,69000,57;;;;;;;
AVNWZ,Happy Doll,Mainan Edukasi,2024-01-11,48000,49;;;;;;;
PDNYS,Mega Car,Mainan Binatang,2023-08-05,100000,49;;;;;;;
JTPBZ,Happy Game,Mainan Kreatif,2023-02-26,72000,21;;;;;;;
RBUAM,Fun Animal,Mainan Binatang,2023-11-12,144000,22;;;;;;;
NLQTS,Fun Doll,Mainan Binatang,2023-12-31,141000,62;;;;;;;
BMLKO,Adventure Blocks,Mainan Binatang,2024-02-15,84000,6;;;;;;;
YWVYI,Wonder Game,Mainan Elektronik,2024-01-11,62000,17;;;;;;;
VNJKL,Star Craft,Mainan Lainnya,2023-08-23,142000,9;;;;;;;
DHOAL,Wonder Puzzle,Mainan Lainnya,2023-12-05,64000,11;;;;;;;
CFWIY,Creative Toy,Mainan Edukasi,2024-03-18,63000,7;;;;;;;
UYSDU,Star Action Figure,Mainan Binatang,2023-08-24,126000,99;;;;;;;
SXBGV,Fun Blocks,Mainan Elektronik,2024-02-18,95000,39;;;;;;;
JQQBK,Mega Puzzle,Mainan Lainnya,2023-09-05,8000,5;;;;;;;
KWOFD,Creative Set,Mainan Kreatif,2023-11-10,68000,5;;;;;;;
JYIVW,Adventure Blocks,Mainan Lainnya,2024-06-16,61000,13;;;;;;;
QZSMA,Super Toy,Mainan Lainnya,2023-03-25,25000,58;;;;;;;
VGXMA,Wonder Animal,Mainan Binatang,2023-07-16,101000,1;;;;;;;
OYMLZ,Happy Craft,Mainan Lainnya,2023-12-01,41000,98;;;;;;;
TOZYB,Mega Puzzle,Mainan Lainnya,2023-03-20,124000,36;;;;;;;
ADEHY,Star Toy,Mainan Binatang,2023-02-26,31000,3;;;;;;;
PDKGP,Fun Set,Mainan Elektronik,2023-03-30,101000,38;;;;;;;
ATZYQ,Wonder Set,Mainan Binatang,2024-07-09,62000,43;;;;;;;
FDGDF,Magic Animal,Mainan Elektronik,2024-04-05,59000,66;;;;;;;
RJNIJ,Happy Craft,Mainan Elektronik,2023-04-24,22000,54;;;;;;;
OIEHV,Wonder Game,Mainan Lainnya,2023-05-17,109000,58;;;;;;;
OUGRR,Magic Action Figure,Mainan Kreatif,2023-09-29,131000,33;;;;;;;
JBHMZ,Star Puzzle,Mainan Kreatif,2024-06-13,51000,43;;;;;;;
JEFWG,Super Puzzle,Mainan Binatang,2024-05-11,20000,74;;;;;;;
KNHZZ,Adventure Animal,Mainan Kreatif,2023-12-23,105000,30;;;;;;;
RTPYM,Wonder Set,Mainan Elektronik,2024-06-19,6000,28;;;;;;;
QTTTE,Super Game,Mainan Kreatif,2023-08-09,46000,68;;;;;;;
ABPFW,Super Animal,Mainan Elektronik,2023-04-03,109000,17;;;;;;;
KPODD,Power Game,Mainan Binatang,2024-03-01,145000,60;;;;;;;
QTXRA,Magic Action Figure,Mainan Kreatif,2023-04-16,16000,100;;;;;;;
KLJAC,Creative Craft,Mainan Elektronik,2023-12-11,67000,94;;;;;;;
PJUYJ,Fun Animal,Mainan Kreatif,2023-01-29,93000,84;;;;;;;
FZPLX,Creative Action Figure,Mainan Elektronik,2023-04-29,58000,93;;;;;;;
ZBDFC,Adventure Blocks,Mainan Binatang,2023-09-10,147000,75;;;;;;;
GLTQY,Happy Toy,Mainan Edukasi,2024-03-18,141000,16;;;;;;;
KIHNV,Adventure Craft,Mainan Edukasi,2023-02-12,20000,23;;;;;;;
HUNCA,Wonder Game,Mainan Lainnya,2024-02-29,56000,37;;;;;;;
OOHUZ,Mega Set,Mainan Edukasi,2024-01-03,109000,44;;;;;;;
DLXPW,Wonder Toy,Mainan Binatang,2023-06-15,117000,91;;;;;;;
DGFLJ,Happy Puzzle,Mainan Binatang,2024-04-08,85000,48;;;;;;;
ZAAII,Super Blocks,Mainan Elektronik,2023-04-14,128000,4;;;;;;;
DKUFT,Star Game,Mainan Elektronik,2024-07-20,55000,77;;;;;;;
PMFGE,Creative Craft,Mainan Edukasi,2024-06-21,140000,88;;;;;;;
WANUC,Mega Set,Mainan Kreatif,2023-06-23,40000,2;;;;;;;
HDIPQ,Fun Action Figure,Mainan Binatang,2023-04-20,43000,91;;;;;;;
LUVCT,Magic Game,Mainan Lainnya,2023-03-15,68000,67;;;;;;;
JITKU,Mega Toy,Mainan Edukasi,2024-06-06,106000,63;;;;;;;
NGZPY,Happy Puzzle,Mainan Binatang,2023-01-12,31000,78;;;;;;;
OJBZZ,Adventure Car,Mainan Lainnya,2024-01-15,134000,17;;;;;;;
DQPYG,Magic Doll,Mainan Elektronik,2024-04-28,12000,24;;;;;;;
NGYXU,Fun Puzzle,Mainan Elektronik,2024-04-09,138000,22;;;;;;;
ZHKPH,Adventure Puzzle,Mainan Edukasi,2023-05-23,107000,18;;;;;;;
HUKNE,Creative Doll,Mainan Lainnya,2023-04-28,104000,50;;;;;;;
ZVTXI,Power Toy,Mainan Elektronik,2023-10-22,117000,34;;;;;;;
VBIRD,Super Game,Mainan Edukasi,2024-05-28,92000,17;;;;;;;
CXNEO,Creative Blocks,Mainan Binatang,2023-04-22,56000,46;;;;;;;
ZYOWV,Star Car,Mainan Elektronik,2024-01-09,46000,5;;;;;;;
UPFZW,Mega Craft,Mainan Edukasi,2023-05-21,75000,19;;;;;;;
NRHSC,Magic Toy,Mainan Edukasi,2024-03-21,38000,33;;;;;;;
XEKOD,Fun Blocks,Mainan Elektronik,2024-04-30,52000,14;;;;;;;
HLJHZ,Wonder Toy,Mainan Kreatif,2023-05-10,39000,64;;;;;;;
ZLJWV,Fun Puzzle,Mainan Kreatif,2023-07-05,147000,79;;;;;;;
UCSTT,Adventure Car,Mainan Kreatif,2023-06-30,131000,23;;;;;;;
RHGAQ,Magic Toy,Mainan Elektronik,2023-06-27,119000,38;;;;;;;
QOZGT,Super Toy,Mainan Binatang,2023-12-04,88000,57;;;;;;;
JRHOJ,Super Action Figure,Mainan Binatang,2023-06-02,37000,5;;;;;;;
XBSZQ,Magic Set,Mainan Edukasi,2023-04-25,60000,61;;;;;;;
OXODH,Happy Craft,Mainan Elektronik,2024-04-10,7000,24;;;;;;;
DAQLL,Power Toy,Mainan Elektronik,2023-04-27,97000,9;;;;;;;
ETMCV,Fun Action Figure,Mainan Kreatif,2023-11-05,71000,75;;;;;;;
JBOPK,Creative Craft,Mainan Edukasi,2023-07-12,21000,59;;;;;;;
MOZAR,Power Toy,Mainan Lainnya,2023-04-11,12000,7;;;;;;;
GJLES,Fun Toy,Mainan Binatang,2024-07-13,65000,71;;;;;;;
HPNQH,Adventure Blocks,Mainan Edukasi,2023-08-11,19000,19;;;;;;;
LIKXD,Star Action Figure,Mainan Elektronik,2024-02-15,49000,22;;;;;;;
PSNXF,Happy Puzzle,Mainan Kreatif,2024-06-14,80000,33;;;;;;;
DKIPO,Creative Puzzle,Mainan Kreatif,2023-10-28,120000,100;;;;;;;
WXARQ,Star Game,Mainan Elektronik,2024-03-13,3000,28;;;;;;;
RIZJP,Adventure Set,Mainan Binatang,2024-04-20,19000,35;;;;;;;
EOLUI,Fun Set,Mainan Binatang,2024-01-07,129000,60;;;;;;;
WGWWE,Super Car,Mainan Kreatif,2023-10-18,44000,92;;;;;;;
WXQSI,Power Set,Mainan Kreatif,2023-11-13,15000,64;;;;;;;
QPSTD,Star Blocks,Mainan Edukasi,2023-04-09,137000,59;;;;;;;
BCEPB,Wonder Set,Mainan Binatang,2023-11-28,85000,39;;;;;;;
GYANJ,Happy Doll,Mainan Lainnya,2023-03-09,113000,76;;;;;;;
YOHWS,Super Puzzle,Mainan Kreatif,2023-05-29,138000,5;;;;;;;
ISKKM,Power Blocks,Mainan Elektronik,2023-04-08,112000,18;;;;;;;
XELUJ,Fun Game,Mainan Kreatif,2023-06-09,7000,23;;;;;;;
SNRCB,Power Animal,Mainan Binatang,2023-12-30,42000,70;;;;;;;
GNEIN,Happy Animal,Mainan Binatang,2024-03-10,65000,94;;;;;;;
HVRYK,Power Car,Mainan Lainnya,2023-10-06,108000,99;;;;;;;
DVRXP,Creative Doll,Mainan Binatang,2023-10-10,118000,24;;;;;;;
ZUHEK,Mega Car,Mainan Lainnya,2023-05-16,79000,86;;;;;;;
IEUJJ,Power Game,Mainan Kreatif,2023-01-08,131000,77;;;;;;;
LUCOD,Happy Blocks,Mainan Edukasi,2023-10-28,66000,75;;;;;;;
GJWFA,Happy Blocks,Mainan Elektronik,2023-07-24,31000,58;;;;;;;
QOMKX,Star Puzzle,Mainan Edukasi,2024-05-31,43000,97;;;;;;;
GJCDV,Wonder Craft,Mainan Binatang,2023-01-05,59000,45;;;;;;;
CIVNM,Happy Puzzle,Mainan Kreatif,2023-11-01,32000,85;;;;;;;
MAWOY,Wonder Animal,Mainan Kreatif,2023-08-22,104000,60;;;;;;;
PPCMT,Fun Doll,Mainan Binatang,2024-03-04,34000,59;;;;;;;
FJTXM,Magic Animal,Mainan Kreatif,2023-01-01,98000,93;;;;;;;
IHLBK,Adventure Doll,Mainan Lainnya,2023-08-18,103000,77;;;;;;;
FIIZN,Mega Toy,Mainan Lainnya,2024-03-17,126000,67;;;;;;;
UJCNR,Super Animal,Mainan Binatang,2023-05-25,40000,39;;;;;;;
PSNJE,Mega Car,Mainan Edukasi,2024-02-10,30000,38;;;;;;;
MZWIE,Mega Toy,Mainan Edukasi,2024-01-29,27000,25;;;;;;;
IVHWE,Fun Game,Mainan Kreatif,2023-11-21,49000,22;;;;;;;
OUGJF,Adventure Craft,Mainan Kreatif,2023-02-22,140000,34;;;;;;;
KOFCN,Super Blocks,Mainan Kreatif,2023-12-06,50000,44;;;;;;;
PBTQB,Fun Puzzle,Mainan Edukasi,2023-04-11,7000,26;;;;;;;
JCOKZ,Super Animal,Mainan Binatang,2024-03-28,34000,56;;;;;;;
PREDU,Super Set,Mainan Edukasi,2024-05-29,56000,4;;;;;;;
EAFYM,Fun Craft,Mainan Kreatif,2024-06-22,132000,89;;;;;;;
NMHPX,Adventure Toy,Mainan Lainnya,2023-11-06,88000,70;;;;;;;
RFKNU,Fun Craft,Mainan Lainnya,2023-05-05,108000,94;;;;;;;
EAXXF,Adventure Set,Mainan Edukasi,2023-12-29,25000,29;;;;;;;
DQNXE,Adventure Animal,Mainan Kreatif,2023-06-04,42000,20;;;;;;;
NCMTK,Creative Animal,Mainan Elektronik,2024-03-17,72000,16;;;;;;;
PDXRC,Fun Animal,Mainan Kreatif,2023-04-04,131000,14;;;;;;;
ZIOJY,Fun Action Figure,Mainan Kreatif,2023-08-20,11000,25;;;;;;;
BPSQH,Super Game,Mainan Binatang,2023-04-17,126000,5;;;;;;;
FOHST,Fun Car,Mainan Lainnya,2023-07-21,72000,88;;;;;;;
XYTJS,Adventure Blocks,Mainan Binatang,2023-12-20,111000,95;;;;;;;
XGVGZ,Star Set,Mainan Edukasi,2024-01-02,70000,18;;;;;;;
ROISB,Super Action Figure,Mainan Edukasi,2023-04-28,62000,63;;;;;;;
MDFVC,Power Blocks,Mainan Lainnya,2023-01-08,95000,61;;;;;;;
VORZB,Adventure Blocks,Mainan Edukasi,2024-04-25,74000,48;;;;;;;
JCBPN,Power Craft,Mainan Binatang,2023-07-25,35000,16;;;;;;;
IDXMF,Star Craft,Mainan Kreatif,2024-02-14,119000,16;;;;;;;
LIMNC,Wonder Action Figure,Mainan Elektronik,2023-06-20,130000,70;;;;;;;
ORKXG,Creative Game,Mainan Lainnya,2023-12-07,86000,59;;;;;;;
VZMYM,Creative Craft,Mainan Lainnya,2023-07-05,67000,31;;;;;;;
GPILB,Mega Doll,Mainan Binatang,2023-12-07,54000,84;;;;;;;
KWQGM,Happy Set,Mainan Binatang,2024-01-14,118000,72;;;;;;;
CDPWA,Mega Action Figure,Mainan Elektronik,2023-09-18,47000,11;;;;;;;
PMANK,Mega Blocks,Mainan Edukasi,2023-04-06,142000,14;;;;;;;
QOFSY,Creative Toy,Mainan Edukasi,2024-05-24,4000,95;;;;;;;
IQOAF,Power Craft,Mainan Kreatif,2024-06-10,4000,87;;;;;;;
YYLOD,Creative Car,Mainan Binatang,2024-05-09,24000,75;;;;;;;
HATJC,Creative Blocks,Mainan Kreatif,2023-08-21,75000,80;;;;;;;
CZIMA,Mega Game,Mainan Lainnya,2023-03-18,20000,32;;;;;;;
ERIPG,Creative Animal,Mainan Elektronik,2023-01-31,82000,93;;;;;;;
RJQAS,Wonder Action Figure,Mainan Elektronik,2024-03-26,41000,4;;;;;;;
RIIGW,Power Animal,Mainan Elektronik,2024-05-11,134000,44;;;;;;;
LAJPS,Wonder Craft,Mainan Edukasi,2024-05-25,58000,70;;;;;;;
YIMQY,Mega Toy,Mainan Lainnya,2024-03-14,84000,12;;;;;;;
QKVYS,Adventure Craft,Mainan Kreatif,2024-05-19,54000,27;;;;;;;
CJGHH,Wonder Car,Mainan Kreatif,2023-08-12,120000,87;;;;;;;
IVQNW,Creative Blocks,Mainan Kreatif,2024-02-05,123000,12;;;;;;;
QDALJ,Wonder Blocks,Mainan Kreatif,2024-06-02,47000,10;;;;;;;
KJCLG,Wonder Car,Mainan Binatang,2024-01-06,123000,90;;;;;;;
LEMOZ,Star Set,Mainan Kreatif,2024-04-18,25000,87;;;;;;;
BCXKC,Fun Toy,Mainan Lainnya,2024-03-23,71000,64;;;;;;;
ASPZI,Super Puzzle,Mainan Kreatif,2024-07-20,7000,50;;;;;;;
QNPGK,Mega Toy,Mainan Edukasi,2023-08-12,76000,70;;;;;;;
CZWBZ,Power Puzzle,Mainan Binatang,2024-07-17,52000,92;;;;;;;
NNXHO,Super Puzzle,Mainan Lainnya,2024-04-15,83000,54;;;;;;;
YFKDV,Magic Animal,Mainan Kreatif,2024-07-03,7000,22;;;;;;;
ECVVA,Power Toy,Mainan Kreatif,2024-01-28,99000,46;;;;;;;
OOGHQ,Wonder Game,Mainan Binatang,2024-06-13,75000,32;;;;;;;
VCOEJ,Happy Craft,Mainan Lainnya,2024-07-17,57000,72;;;;;;;
SXPED,Mega Craft,Mainan Edukasi,2023-10-24,17000,3;;;;;;;
RGFQS,Mega Animal,Mainan Edukasi,2023-01-04,134000,26;;;;;;;
ZFXZY,Wonder Doll,Mainan Lainnya,2023-05-01,41000,17;;;;;;;
ZUTSL,Fun Game,Mainan Edukasi,2023-11-24,146000,80;;;;;;;
FBPQY,Fun Game,Mainan Kreatif,2023-04-21,20000,93;;;;;;;
FBTFW,Super Game,Mainan Elektronik,2024-04-10,4000,14;;;;;;;
SXCZF,Magic Puzzle,Mainan Elektronik,2024-03-16,9000,83;;;;;;;
VNXOQ,Fun Craft,Mainan Binatang,2023-04-05,61000,36;;;;;;;
IZAHU,Wonder Action Figure,Mainan Elektronik,2023-05-12,34000,63;;;;;;;
FZNSQ,Wonder Action Figure,Mainan Elektronik,2023-02-07,36000,88;;;;;;;
KLGBT,Magic Animal,Mainan Kreatif,2023-06-19,120000,25;;;;;;;
XLJCL,Adventure Action Figure,Mainan Edukasi,2023-03-14,128000,72;;;;;;;
DRUZR,Adventure Toy,Mainan Binatang,2023-04-17,78000,8;;;;;;;
YLDPA,Mega Doll,Mainan Binatang,2023-03-02,128000,65;;;;;;;
QPQRW,Adventure Blocks,Mainan Lainnya,2023-04-17,60000,35;;;;;;;
IITXP,Creative Animal,Mainan Elektronik,2024-02-23,28000,56;;;;;;;
PPBKN,Star Doll,Mainan Elektronik,2023-02-04,125000,38;;;;;;;
MDTEE,Wonder Car,Mainan Elektronik,2023-01-30,66000,91;;;;;;;
GGHAV,Creative Animal,Mainan Lainnya,2023-07-08,83000,21;;;;;;;
FSYVZ,Happy Game,Mainan Edukasi,2023-02-26,119000,75;;;;;;;
JCKER,Adventure Blocks,Mainan Lainnya,2024-05-13,29000,68;;;;;;;
XUPZE,Star Puzzle,Mainan Kreatif,2024-01-26,52000,59;;;;;;;
NLNQF,Happy Blocks,Mainan Edukasi,2024-04-20,5000,41;;;;;;;
QJWNL,Magic Doll,Mainan Elektronik,2023-08-06,80000,89;;;;;;;
RDDEP,Adventure Game,Mainan Binatang,2023-02-22,75000,65;;;;;;;
BEUJP,Creative Animal,Mainan Kreatif,2023-11-05,72000,35;;;;;;;
HHBPP,Magic Puzzle,Mainan Kreatif,2024-04-12,21000,64;;;;;;;
YUYFW,Super Set,Mainan Edukasi,2023-09-25,67000,25;;;;;;;
EGKPQ,Creative Car,Mainan Edukasi,2023-01-07,137000,82;;;;;;;
PZKAK,Adventure Doll,Mainan Kreatif,2023-02-03,66000,34;;;;;;;
WLBEY,Happy Craft,Mainan Binatang,2023-07-27,137000,30;;;;;;;
WDFOW,Fun Blocks,Mainan Elektronik,2024-03-05,84000,16;;;;;;;
WBCSA,Creative Blocks,Mainan Edukasi,2024-07-28,51000,4;;;;;;;
WHJOX,Adventure Set,Mainan Kreatif,2023-06-24,48000,25;;;;;;;
QYXEL,Fun Blocks,Mainan Kreatif,2024-06-07,103000,76;;;;;;;
FZCJK,Creative Blocks,Mainan Kreatif,2024-05-26,5000,83;;;;;;;
ZXYEJ,Power Craft,Mainan Elektronik,2024-04-01,28000,93;;;;;;;
SXRTY,Power Puzzle,Mainan Binatang,2023-07-11,32000,66;;;;;;;
FICEG,Wonder Toy,Mainan Lainnya,2023-10-20,44000,79;;;;;;;
GNPDW,Creative Set,Mainan Lainnya,2024-05-09,13000,91;;;;;;;
DYGPU,Power Craft,Mainan Elektronik,2023-04-22,143000,36;;;;;;;
HLBCE,Star Toy,Mainan Lainnya,2024-01-25,47000,24;;;;;;;
DADBW,Wonder Blocks,Mainan Elektronik,2024-06-07,108000,99;;;;;;;
MEAUL,Wonder Puzzle,Mainan Lainnya,2024-03-20,56000,40;;;;;;;
QZOUZ,Magic Animal,Mainan Elektronik,2023-07-11,21000,44;;;;;;;
GJQEJ,Super Toy,Mainan Elektronik,2023-06-21,10000,33;;;;;;;
KAPQP,Happy Blocks,Mainan Binatang,2023-01-14,9000,87;;;;;;;
BQHCE,Fun Action Figure,Mainan Edukasi,2024-04-03,64000,8;;;;;;;
UWUDX,Fun Car,Mainan Elektronik,2024-02-11,90000,28;;;;;;;
BOLAL,Creative Blocks,Mainan Edukasi,2024-07-26,36000,69;;;;;;;
XQHUT,Creative Set,Mainan Kreatif,2024-07-02,112000,35;;;;;;;
PQFYX,Fun Doll,Mainan Elektronik,2023-12-09,67000,76;;;;;;;
POQKZ,Happy Blocks,Mainan Kreatif,2024-03-28,50000,34;;;;;;;
MOMTX,Wonder Action Figure,Mainan Lainnya,2023-06-17,145000,40;;;;;;;
LBPMZ,Power Car,Mainan Lainnya,2023-11-06,50000,2;;;;;;;
ZAULQ,Fun Car,Mainan Edukasi,2024-02-08,94000,5;;;;;;;
ECZYV,Super Craft,Mainan Kreatif,2024-05-25,72000,59;;;;;;;
IDSKD,Wonder Doll,Mainan Kreatif,2023-10-28,143000,19;;;;;;;
QCEWD,Mega Car,Mainan Edukasi,2023-09-21,110000,21;;;;;;;
DVORH,Wonder Toy,Mainan Binatang,2023-12-02,10000,47;;;;;;;
VMVMA,Super Doll,Mainan Edukasi,2024-02-13,63000,75;;;;;;;
DPYNS,Creative Puzzle,Mainan Lainnya,2023-01-11,85000,27;;;;;;;
VEMZU,Power Game,Mainan Elektronik,2023-08-18,68000,68;;;;;;;
XTHVH,Mega Car,Mainan Edukasi,2023-07-14,127000,82;;;;;;;
DIDOM,Power Game,Mainan Elektronik,2023-08-27,31000,63;;;;;;;
WLXET,Adventure Action Figure,Mainan Binatang,2023-06-22,124000,21;;;;;;;
WUKHS,Creative Set,Mainan Binatang,2023-07-05,83000,45;;;;;;;
KUHQD,Mega Toy,Mainan Kreatif,2023-07-15,100000,5;;;;;;;
GECNH,Happy Toy,Mainan Elektronik,2023-05-15,135000,75;;;;;;;
SXGPN,Adventure Toy,Mainan Kreatif,2023-11-06,102000,7;;;;;;;
YQXAG,Super Action Figure,Mainan Edukasi,2023-11-13,56000,53;;;;;;;
OEVFO,Super Craft,Mainan Lainnya,2023-05-08,59000,72;;;;;;;
UCVOM,Fun Blocks,Mainan Binatang,2023-12-27,53000,13;;;;;;;
VBEMH,Happy Craft,Mainan Lainnya,2023-12-22,106000,30;;;;;;;
OHZYZ,Wonder Animal,Mainan Binatang,2023-12-16,11000,30;;;;;;;
WPSEP,Power Doll,Mainan Edukasi,2023-04-10,83000,28;;;;;;;
LSNFX,Mega Set,Mainan Kreatif,2023-12-03,16000,98;;;;;;;
WFYBT,Wonder Blocks,Mainan Lainnya,2023-06-25,113000,22;;;;;;;
WOQTC,Adventure Animal,Mainan Lainnya,2023-05-04,98000,89;;;;;;;
BJATJ,Adventure Toy,Mainan Edukasi,2023-03-06,29000,34;;;;;;;
VIDPX,Wonder Animal,Mainan Binatang,2024-03-05,127000,19;;;;;;;
ZJGQY,Happy Animal,Mainan Binatang,2023-09-30,22000,100;;;;;;;
JCPFT,Wonder Set,Mainan Lainnya,2023-04-13,76000,42;;;;;;;
DLYTT,Fun Blocks,Mainan Binatang,2023-03-01,100000,59;;;;;;;
DNQKD,Super Craft,Mainan Edukasi,2023-11-06,87000,30;;;;;;;
SHHFT,Star Doll,Mainan Kreatif,2023-02-24,37000,34;;;;;;;
MLRUO,Power Animal,Mainan Elektronik,2024-07-05,67000,94;;;;;;;
KRFOM,Power Toy,Mainan Lainnya,2024-06-16,102000,29;;;;;;;
WYQAU,Star Puzzle,Mainan Edukasi,2023-08-30,107000,48;;;;;;;
XLQDJ,Wonder Toy,Mainan Elektronik,2024-02-26,73000,49;;;;;;;
RBIKQ,Adventure Set,Mainan Lainnya,2023-03-12,112000,20;;;;;;;
RVCHW,Fun Car,Mainan Lainnya,2024-01-17,141000,70;;;;;;;
GWENH,Wonder Set,Mainan Elektronik,2024-05-01,28000,86;;;;;;;
DBOLT,Mega Action Figure,Mainan Binatang,2023-11-25,79000,99;;;;;;;
HTNAL,Star Animal,Mainan Kreatif,2023-04-19,145000,50;;;;;;;
MPYCJ,Happy Doll,Mainan Elektronik,2023-11-10,70000,95;;;;;;;
TODYQ,Star Blocks,Mainan Elektronik,2023-08-21,68000,16;;;;;;;
IRXNM,Magic Game,Mainan Elektronik,2023-11-20,120000,35;;;;;;;
FUAUE,Super Craft,Mainan Binatang,2023-08-11,17000,40;;;;;;;
HONOH,Creative Game,Mainan Kreatif,2024-06-26,127000,4;;;;;;;
WDULS,Power Animal,Mainan Elektronik,2023-01-08,148000,28;;;;;;;
YCLZI,Wonder Animal,Mainan Edukasi,2023-05-15,146000,100;;;;;;;
IPNUM,Magic Game,Mainan Edukasi,2023-06-04,26000,63;;;;;;;
LLSZD,Happy Toy,Mainan Edukasi,2024-03-13,39000,38;;;;;;;
UUQYE,Star Action Figure,Mainan Binatang,2023-02-18,74000,82;;;;;;;
JDHRE,Happy Animal,Mainan Edukasi,2024-06-24,120000,66;;;;;;;
SQIKN,Super Car,Mainan Edukasi,2024-04-21,145000,96;;;;;;;
ONLYZ,Magic Doll,Mainan Kreatif,2024-05-22,52000,44;;;;;;;
BWWQH,Fun Craft,Mainan Binatang,2023-05-01,11000,71;;;;;;;
ROKFP,Happy Doll,Mainan Binatang,2023-09-27,146000,56;;;;;;;
MDFYO,Star Animal,Mainan Binatang,2023-07-07,113000,10;;;;;;;
YKGZP,Happy Game,Mainan Kreatif,2023-05-24,59000,85;;;;;;;
NDBYB,Magic Animal,Mainan Elektronik,2024-03-24,131000,60;;;;;;;
JRLZQ,Power Blocks,Mainan Lainnya,2023-04-23,106000,4;;;;;;;
ITRBW,Fun Toy,Mainan Binatang,2023-02-11,41000,84;;;;;;;
EZXCY,Fun Craft,Mainan Elektronik,2023-05-11,31000,17;;;;;;;
WKWUW,Magic Blocks,Mainan Elektronik,2023-11-06,108000,28;;;;;;;
XZTUC,Wonder Set,Mainan Binatang,2023-10-22,80000,33;;;;;;;
ISJYX,Happy Game,Mainan Kreatif,2024-03-22,130000,75;;;;;;;
CHQBN,Mega Game,Mainan Edukasi,2024-06-26,137000,78;;;;;;;
LIBZL,Adventure Blocks,Mainan Lainnya,2024-05-05,46000,40;;;;;;;
JSKUQ,Power Car,Mainan Lainnya,2024-03-07,72000,54;;;;;;;
QJLUJ,Mega Car,Mainan Kreatif,2023-01-25,1000,3;;;;;;;
LGHLG,Super Craft,Mainan Elektronik,2023-12-31,52000,94;;;;;;;
RXSVM,Fun Action Figure,Mainan Lainnya,2023-08-11,18000,78;;;;;;;
WYZTZ,Mega Action Figure,Mainan Lainnya,2023-09-03,39000,8;;;;;;;
DPTFI,Power Doll,Mainan Elektronik,2023-11-25,48000,35;;;;;;;
FVACE,Creative Blocks,Mainan Lainnya,2023-11-08,99000,25;;;;;;;
KXSWB,Wonder Toy,Mainan Elektronik,2023-05-18,56000,99;;;;;;;
YAMXT,Fun Doll,Mainan Lainnya,2023-12-07,91000,19;;;;;;;
MDJAZ,Magic Car,Mainan Elektronik,2023-07-05,14000,25;;;;;;;
JAFCE,Wonder Action Figure,Mainan Kreatif,2023-04-05,47000,60;;;;;;;
FEORG,Star Blocks,Mainan Kreatif,2024-03-19,95000,58;;;;;;;
QEDWC,Mega Blocks,Mainan Binatang,2024-06-05,27000,80;;;;;;;
ZGTLP,Happy Toy,Mainan Edukasi,2024-03-26,126000,8;;;;;;;
SLTDG,Magic Craft,Mainan Edukasi,2023-03-28,42000,69;;;;;;;
AWGDK,Happy Puzzle,Mainan Kreatif,2023-07-06,29000,1;;;;;;;
ONRYM,Mega Animal,Mainan Kreatif,2024-01-21,130000,87;;;;;;;
ZKKAS,Power Craft,Mainan Lainnya,2023-02-23,132000,10;;;;;;;
JIQRF,Power Toy,Mainan Lainnya,2023-09-21,15000,9;;;;;;;
ABKSH,Power Animal,Mainan Lainnya,2023-10-28,27000,43;;;;;;;
LYEAU,Magic Craft,Mainan Binatang,2023-07-04,51000,89;;;;;;;
UCKPB,Wonder Action Figure,Mainan Lainnya,2023-12-20,85000,34;;;;;;;
NVKLF,Super Craft,Mainan Elektronik,2024-04-05,148000,89;;;;;;;
ZKRQR,Magic Set,Mainan Lainnya,2024-03-29,97000,94;;;;;;;
ETONE,Power Craft,Mainan Elektronik,2023-11-13,1000,37;;;;;;;
TUURU,Star Blocks,Mainan Lainnya,2024-03-09,65000,72;;;;;;;
BBVON,Happy Car,Mainan Edukasi,2023-06-25,104000,81;;;;;;;
GHKFM,Adventure Craft,Mainan Lainnya,2023-04-10,82000,95;;;;;;;
QIHIB,Star Puzzle,Mainan Binatang,2024-04-07,74000,83;;;;;;;
DPYOV,Magic Animal,Mainan Kreatif,2023-09-28,109000,10;;;;;;;
HAIMB,Happy Game,Mainan Edukasi,2023-07-30,38000,17;;;;;;;
KATVL,Power Car,Mainan Kreatif,2023-05-22,47000,39;;;;;;;
MGQIU,Creative Doll,Mainan Elektronik,2024-01-10,27000,74;;;;;;;
BJTVX,Happy Toy,Mainan Elektronik,2024-06-29,85000,83;;;;;;;
OQDKX,Power Doll,Mainan Binatang,2023-07-24,99000,83;;;;;;;
BANIE,Adventure Craft,Mainan Binatang,2024-07-05,141000,100;;;;;;;
QIVLY,Power Blocks,Mainan Lainnya,2023-08-14,43000,24;;;;;;;
TXUZY,Super Animal,Mainan Binatang,2024-02-10,48000,90;;;;;;;
YBAOS,Power Puzzle,Mainan Kreatif,2024-05-08,15000,31;;;;;;;
BIWLN,Super Toy,Mainan Binatang,2024-04-10,55000,80;;;;;;;
TVKBN,Magic Set,Mainan Edukasi,2024-04-06,143000,16;;;;;;;
MNQZJ,Adventure Puzzle,Mainan Edukasi,2023-06-06,103000,57;;;;;;;
MBCMX,Magic Car,Mainan Elektronik,2023-06-05,38000,33;;;;;;;
HNTLC,Magic Toy,Mainan Kreatif,2024-04-11,121000,29;;;;;;;
DFBIZ,Star Doll,Mainan Lainnya,2023-04-12,74000,41;;;;;;;
LNOKL,Adventure Doll,Mainan Elektronik,2023-11-13,83000,71;;;;;;;
FZAIZ,Happy Doll,Mainan Kreatif,2024-06-12,79000,34;;;;;;;
JAGCU,Star Doll,Mainan Elektronik,2024-02-15,55000,47;;;;;;;
ZKSUZ,Happy Toy,Mainan Edukasi,2024-05-03,23000,78;;;;;;;
NKDKS,Wonder Animal,Mainan Kreatif,2023-03-23,10000,43;;;;;;;
ZBVPF,Wonder Action Figure,Mainan Edukasi,2023-12-30,39000,18;;;;;;;
RRMSD,Creative Puzzle,Mainan Edukasi,2023-06-13,9000,6;;;;;;;
CTGHB,Mega Set,Mainan Kreatif,2023-01-03,55000,49;;;;;;;
YRFFP,Magic Game,Mainan Lainnya,2024-05-25,44000,63;;;;;;;
CCVJS,Wonder Craft,Mainan Elektronik,2023-02-28,110000,32;;;;;;;
LQJZX,Mega Craft,Mainan Binatang,2023-03-15,6000,12;;;;;;;
MSANA,Star Craft,Mainan Elektronik,2024-01-28,43000,60;;;;;;;
LPGTK,Magic Craft,Mainan Lainnya,2023-03-18,49000,56;;;;;;;
OUPGO,Fun Doll,Mainan Elektronik,2023-05-03,108000,87;;;;;;;
QYTPT,Mega Craft,Mainan Binatang,2024-07-19,35000,36;;;;;;;
PIRPC,Power Set,Mainan Edukasi,2024-07-23,27000,91;;;;;;;
DKAKP,Happy Action Figure,Mainan Elektronik,2023-08-18,149000,3;;;;;;;
TOJWO,Super Car,Mainan Kreatif,2024-05-20,138000,15;;;;;;;
LKNLV,Adventure Action Figure,Mainan Elektronik,2023-02-23,134000,94;;;;;;;
LJBSP,Creative Set,Mainan Kreatif,2023-11-15,119000,4;;;;;;;
IDZFQ,Magic Action Figure,Mainan Lainnya,2024-06-21,109000,86;;;;;;;
RPLDX,Super Action Figure,Mainan Binatang,2023-01-17,126000,11;;;;;;;
MJRTD,Star Car,Mainan Binatang,2024-02-04,103000,22;;;;;;;
AIOMB,Magic Puzzle,Mainan Edukasi,2023-07-01,39000,47;;;;;;;
QDFCX,Power Toy,Mainan Edukasi,2024-07-17,65000,21;;;;;;;
FCLYG,Creative Doll,Mainan Kreatif,2023-08-03,30000,22;;;;;;;
OKNGX,Creative Doll,Mainan Kreatif,2023-07-02,95000,37;;;;;;;
UVNVH,Happy Set,Mainan Kreatif,2023-01-21,71000,98;;;;;;;
HJNSW,Fun Action Figure,Mainan Kreatif,2023-07-26,131000,87;;;;;;;
ICKTE,Adventure Animal,Mainan Kreatif,2024-04-10,107000,38;;;;;;;
QGAZL,Magic Doll,Mainan Binatang,2023-05-12,30000,8;;;;;;;
LTEOK,Mega Set,Mainan Kreatif,2023-12-28,87000,86;;;;;;;
TJXIX,Power Puzzle,Mainan Elektronik,2024-07-01,49000,11;;;;;;;
HTCPX,Fun Craft,Mainan Lainnya,2023-09-23,135000,76;;;;;;;
YRRVB,Super Puzzle,Mainan Lainnya,2023-03-31,138000,71;;;;;;;
BKEPX,Wonder Craft,Mainan Kreatif,2023-03-16,92000,31;;;;;;;
YSTVL,Super Puzzle,Mainan Lainnya,2023-02-10,70000,80;;;;;;;
WRJWM,Wonder Craft,Mainan Kreatif,2023-05-31,144000,29;;;;;;;
OZJOX,Power Puzzle,Mainan Binatang,2024-04-26,119000,1;;;;;;;
BSQOL,Wonder Craft,Mainan Edukasi,2023-04-07,109000,74;;;;;;;
QVYWU,Wonder Craft,Mainan Lainnya,2023-04-19,132000,82;;;;;;;
SACFH,Super Action Figure,Mainan Kreatif,2023-10-19,102000,83;;;;;;;
PEIEU,Super Animal,Mainan Binatang,2023-08-06,118000,42;;;;;;;
VBERU,Mega Toy,Mainan Elektronik,2023-09-15,108000,46;;;;;;;
XYLOU,Wonder Action Figure,Mainan Binatang,2024-01-26,126000,95;;;;;;;
QZLER,Creative Craft,Mainan Lainnya,2023-03-31,115000,32;;;;;;;
XTEWH,Power Animal,Mainan Lainnya,2023-05-10,51000,60;;;;;;;
YGGWQ,Super Game,Mainan Lainnya,2023-11-03,82000,27;;;;;;;
JCQTV,Wonder Toy,Mainan Binatang,2023-10-23,47000,91;;;;;;;
MMGYT,Creative Action Figure,Mainan Binatang,2024-03-01,106000,29;;;;;;;
POVXV,Super Blocks,Mainan Elektronik,2023-04-20,138000,5;;;;;;;
VTGDV,Adventure Toy,Mainan Kreatif,2023-12-17,93000,61;;;;;;;
PZDZE,Wonder Toy,Mainan Elektronik,2023-05-24,70000,28;;;;;;;
JIGJJ,Adventure Animal,Mainan Binatang,2023-04-04,145000,16;;;;;;;
THLAQ,Fun Toy,Mainan Binatang,2024-03-12,110000,92;;;;;;;
RKGYH,Creative Blocks,Mainan Lainnya,2024-07-24,31000,57;;;;;;;
LGQNA,Power Puzzle,Mainan Lainnya,2024-01-05,145000,68;;;;;;;
LNSKK,Power Puzzle,Mainan Elektronik,2024-05-30,53000,45;;;;;;;
SHFDU,Creative Doll,Mainan Edukasi,2023-12-16,10000,51;;;;;;;
NKIRW,Fun Craft,Mainan Edukasi,2023-08-29,109000,16;;;;;;;
GQBMV,Magic Game,Mainan Edukasi,2024-02-16,74000,67;;;;;;;
VAHZR,Mega Craft,Mainan Edukasi,2023-09-15,29000,34;;;;;;;
YNOSR,Super Action Figure,Mainan Lainnya,2023-05-18,112000,85;;;;;;;
AFBGE,Happy Blocks,Mainan Lainnya,2024-05-26,90000,94;;;;;;;
SGVIH,Magic Action Figure,Mainan Edukasi,2023-10-03,120000,48;;;;;;;
ZFGFX,Super Car,Mainan Binatang,2023-01-15,136000,79;;;;;;;
BRBFY,Creative Puzzle,Mainan Edukasi,2024-01-29,32000,93;;;;;;;
JKYCU,Super Game,Mainan Lainnya,2023-07-09,28000,37;;;;;;;
TTCWP,Magic Animal,Mainan Binatang,2023-03-17,97000,1;;;;;;;
QLFQB,Mega Game,Mainan Lainnya,2023-04-05,4000,91;;;;;;;
ZASVY,Happy Craft,Mainan Binatang,2023-01-07,109000,56;;;;;;;
LQVFX,Magic Doll,Mainan Elektronik,2023-09-14,2000,59;;;;;;;
PJLAF,Adventure Toy,Mainan Kreatif,2023-04-11,144000,36;;;;;;;
WYUST,Magic Car,Mainan Elektronik,2023-06-21,66000,21;;;;;;;
QVPEE,Star Car,Mainan Lainnya,2024-01-10,123000,89;;;;;;;
BRWXE,Star Craft,Mainan Kreatif,2023-12-11,13000,77;;;;;;;
IPPGV,Magic Game,Mainan Edukasi,2023-01-15,70000,57;;;;;;;
OSPEI,Fun Action Figure,Mainan Lainnya,2023-01-17,149000,82;;;;;;;
OCPZK,Happy Action Figure,Mainan Binatang,2024-04-23,72000,74;;;;;;;
OVIEK,Happy Game,Mainan Edukasi,2023-05-08,80000,89;;;;;;;
GQOJN,Fun Animal,Mainan Elektronik,2024-01-14,33000,79;;;;;;;
XJODD,Power Action Figure,Mainan Elektronik,2024-04-26,145000,46;;;;;;;
VDEKW,Wonder Toy,Mainan Binatang,2023-12-15,143000,18;;;;;;;
HJWMB,Magic Puzzle,Mainan Lainnya,2023-01-15,148000,19;;;;;;;
QAOBO,Star Doll,Mainan Lainnya,2024-02-10,15000,13;;;;;;;
EDYAL,Super Animal,Mainan Edukasi,2024-05-14,54000,67;;;;;;;
JVSIN,Wonder Game,Mainan Edukasi,2023-07-12,74000,98;;;;;;;
BBDAB,Power Blocks,Mainan Lainnya,2023-01-26,146000,52;;;;;;;
UHSYK,Creative Puzzle,Mainan Elektronik,2024-06-21,47000,71;;;;;;;
KQRGZ,Fun Animal,Mainan Edukasi,2023-01-04,52000,54;;;;;;;
QIIFS,Magic Blocks,Mainan Elektronik,2023-11-02,142000,95;;;;;;;
XLOVL,Happy Puzzle,Mainan Lainnya,2023-04-19,77000,5;;;;;;;
FGECF,Creative Blocks,Mainan Lainnya,2024-02-10,32000,6;;;;;;;
UMGMP,Power Toy,Mainan Kreatif,2023-01-26,1000,23;;;;;;;
SLGKM,Creative Blocks,Mainan Lainnya,2024-02-27,143000,66;;;;;;;
SYWAY,Wonder Animal,Mainan Elektronik,2023-07-27,36000,64;;;;;;;
BNYFW,Star Blocks,Mainan Binatang,2024-07-15,57000,71;;;;;;;
WDCRK,Fun Craft,Mainan Edukasi,2024-06-19,126000,37;;;;;;;
CNTOT,Mega Blocks,Mainan Lainnya,2023-09-27,107000,81;;;;;;;
UJLAA,Fun Toy,Mainan Binatang,2024-03-30,71000,93;;;;;;;
MEUMC,Power Blocks,Mainan Lainnya,2024-04-04,63000,2;;;;;;;
AWRTC,Power Blocks,Mainan Binatang,2023-12-06,43000,86;;;;;;;
MWKIJ,Star Toy,Mainan Binatang,2024-01-27,12000,13;;;;;;;
GQNPM,Power Blocks,Mainan Lainnya,2024-03-03,80000,8;;;;;;;
EAWTH,Happy Craft,Mainan Lainnya,2023-10-29,17000,71;;;;;;;
QKIUP,Happy Toy,Mainan Edukasi,2024-04-28,16000,27;;;;;;;
KVRPO,Fun Puzzle,Mainan Kreatif,2023-03-05,68000,51;;;;;;;
FEIEY,Power Set,Mainan Edukasi,2023-06-30,54000,35;;;;;;;
XNWZI,Creative Animal,Mainan Edukasi,2023-01-15,140000,84;;;;;;;
FXJSA,Wonder Game,Mainan Binatang,2024-05-20,144000,12;;;;;;;
CAXPW,Wonder Doll,Mainan Edukasi,2024-06-17,2000,10;;;;;;;
ARHKH,Happy Animal,Mainan Kreatif,2023-07-21,124000,71;;;;;;;
DMEAD,Star Action Figure,Mainan Elektronik,2024-03-14,32000,65;;;;;;;
GNLTD,Adventure Game,Mainan Lainnya,2023-04-30,111000,31;;;;;;;
RAEYJ,Power Puzzle,Mainan Binatang,2023-12-14,44000,95;;;;;;;
CIWXH,Fun Craft,Mainan Elektronik,2023-09-21,54000,9;;;;;;;
VNTZB,Magic Blocks,Mainan Edukasi,2023-05-18,108000,87;;;;;;;
ULBTA,Happy Puzzle,Mainan Edukasi,2024-03-21,44000,67;;;;;;;
YXKWK,Super Doll,Mainan Kreatif,2023-08-28,48000,3;;;;;;;
WMADM,Magic Action Figure,Mainan Elektronik,2023-04-28,23000,9;;;;;;;
RAASF,Creative Animal,Mainan Elektronik,2024-05-28,126000,15;;;;;;;
EAFTH,Happy Toy,Mainan Binatang,2024-05-20,65000,33;;;;;;;
INNEY,Fun Toy,Mainan Kreatif,2023-04-08,112000,56;;;;;;;
BZFTB,Happy Puzzle,Mainan Edukasi,2024-03-11,82000,67;;;;;;;
YHOGF,Happy Puzzle,Mainan Kreatif,2023-02-14,16000,98;;;;;;;
IPGKN,Fun Blocks,Mainan Kreatif,2023-07-27,33000,91;;;;;;;
GVDCW,Adventure Puzzle,Mainan Lainnya,2023-07-11,67000,29;;;;;;;
UATMF,Mega Blocks,Mainan Binatang,2023-12-30,73000,24;;;;;;;
AUHAN,Super Doll,Mainan Lainnya,2023-11-02,120000,75;;;;;;;
MESEM,Mega Set,Mainan Elektronik,2024-03-15,43000,92;;;;;;;
JDWVG,Power Craft,Mainan Elektronik,2023-05-25,90000,85;;;;;;;
ZTQLI,Creative Set,Mainan Kreatif,2023-01-16,59000,52;;;;;;;
SZESM,Mega Toy,Mainan Lainnya,2024-05-31,123000,41;;;;;;;
SCRUO,Super Toy,Mainan Lainnya,2024-03-26,122000,74;;;;;;;
VMQIR,Happy Action Figure,Mainan Edukasi,2023-06-23,101000,14;;;;;;;
TAYRX,Fun Blocks,Mainan Edukasi,2023-01-25,133000,74;;;;;;;
KUQWH,Creative Set,Mainan Lainnya,2024-04-01,143000,81;;;;;;;
SVPDG,Power Action Figure,Mainan Kreatif,2024-01-08,148000,23;;;;;;;
VZXDK,Magic Car,Mainan Lainnya,2023-07-03,20000,59;;;;;;;
UBDDA,Fun Craft,Mainan Kreatif,2023-07-09,24000,72;;;;;;;
KRIDX,Wonder Toy,Mainan Edukasi,2023-09-30,34000,91;;;;;;;
DQLJM,Wonder Action Figure,Mainan Edukasi,2024-05-20,122000,51;;;;;;;
CABYF,Star Game,Mainan Elektronik,2023-11-30,92000,83;;;;;;;
FVJMX,Creative Toy,Mainan Elektronik,2023-10-29,46000,79;;;;;;;
WLXTO,Wonder Craft,Mainan Binatang,2023-10-16,16000,55;;;;;;;
JCCER,Creative Game,Mainan Kreatif,2023-03-05,53000,80;;;;;;;
BULUG,Happy Set,Mainan Lainnya,2023-03-15,33000,90;;;;;;;
TYDLW,Magic Doll,Mainan Lainnya,2024-02-22,67000,92;;;;;;;
RBVUJ,Creative Blocks,Mainan Elektronik,2023-10-28,81000,41;;;;;;;
BNYCZ,Magic Toy,Mainan Elektronik,2023-01-12,61000,86;;;;;;;
DVNKB,Power Puzzle,Mainan Edukasi,2023-06-01,6000,96;;;;;;;
RXPQN,Creative Set,Mainan Binatang,2023-07-17,51000,42;;;;;;;
FRIDQ,Adventure Set,Mainan Edukasi,2024-05-07,21000,53;;;;;;;
VOYKM,Fun Blocks,Mainan Edukasi,2023-09-11,71000,27;;;;;;;
JRCJV,Star Craft,Mainan Binatang,2023-05-14,85000,85;;;;;;;
PVVLV,Mega Blocks,Mainan Lainnya,2023-07-11,94000,65;;;;;;;
CQVYG,Power Craft,Mainan Kreatif,2023-02-13,1000,85;;;;;;;
PIKZP,Super Action Figure,Mainan Kreatif,2024-01-01,125000,86;;;;;;;
QRLPG,Happy Action Figure,Mainan Edukasi,2023-03-08,68000,54;;;;;;;
BJRQE,Power Action Figure,Mainan Binatang,2023-05-19,128000,3;;;;;;;
EEMDZ,Mega Action Figure,Mainan Lainnya,2024-02-11,73000,50;;;;;;;
ABMEL,Power Action Figure,Mainan Binatang,2023-04-13,98000,42;;;;;;;
VKMOC,Wonder Car,Mainan Lainnya,2023-01-21,141000,6;;;;;;;
BXGSA,Star Doll,Mainan Kreatif,2023-01-16,88000,7;;;;;;;
MGDHL,Super Set,Mainan Kreatif,2024-03-20,96000,81;;;;;;;
WRLEW,Mega Car,Mainan Binatang,2023-10-06,104000,20;;;;;;;
ALIDD,Star Puzzle,Mainan Binatang,2024-03-10,117000,38;;;;;;;
DGVCK,Super Action Figure,Mainan Elektronik,2023-01-31,95000,86;;;;;;;
CZAXO,Wonder Puzzle,Mainan Elektronik,2024-01-30,146000,66;;;;;;;
WWAVU,Magic Action Figure,Mainan Binatang,2023-05-13,51000,47;;;;;;;
SARFM,Mega Craft,Mainan Binatang,2023-08-12,28000,98;;;;;;;
GCFLX,Happy Blocks,Mainan Binatang,2024-02-25,49000,30;;;;;;;
URLRG,Fun Craft,Mainan Lainnya,2024-02-06,53000,86;;;;;;;
TMQYZ,Super Toy,Mainan Lainnya,2023-11-13,140000,47;;;;;;;
IJPFZ,Mega Toy,Mainan Lainnya,2024-01-25,146000,79;;;;;;;
XWQVH,Happy Car,Mainan Elektronik,2024-05-29,32000,26;;;;;;;
SPGSQ,Mega Puzzle,Mainan Kreatif,2023-06-12,128000,44;;;;;;;
RVZNC,Power Toy,Mainan Elektronik,2023-02-07,110000,63;;;;;;;
GKEQZ,Adventure Set,Mainan Edukasi,2024-02-03,58000,10;;;;;;;
ZWNIF,Happy Puzzle,Mainan Edukasi,2024-01-24,84000,33;;;;;;;
YWJHX,Fun Doll,Mainan Lainnya,2023-10-21,93000,28;;;;;;;
NOTZZ,Star Toy,Mainan Edukasi,2024-02-13,43000,32;;;;;;;
JSRAK,Power Toy,Mainan Kreatif,2024-06-14,22000,55;;;;;;;
QBQBA,Adventure Craft,Mainan Edukasi,2023-04-24,66000,29;;;;;;;
BXTCS,Wonder Toy,Mainan Elektronik,2023-12-30,107000,19;;;;;;;
YEMGH,Fun Game,Mainan Lainnya,2023-08-21,109000,96;;;;;;;
UIUFU,Creative Car,Mainan Kreatif,2024-02-12,130000,52;;;;;;;
RCSKZ,Adventure Action Figure,Mainan Binatang,2023-10-18,65000,54;;;;;;;
IHGCX,Fun Doll,Mainan Kreatif,2023-03-29,82000,49;;;;;;;
KORZG,Creative Craft,Mainan Binatang,2023-02-22,50000,91;;;;;;;
HBDTC,Mega Blocks,Mainan Kreatif,2023-12-01,20000,11;;;;;;;
MDYFR,Happy Car,Mainan Elektronik,2023-05-14,20000,31;;;;;;;
MUJKZ,Super Animal,Mainan Edukasi,2024-03-10,123000,29;;;;;;;
XHZGY,Adventure Blocks,Mainan Binatang,2023-06-30,145000,51;;;;;;;
YYMQG,Fun Animal,Mainan Elektronik,2023-12-23,64000,22;;;;;;;
KBCDV,Happy Puzzle,Mainan Binatang,2024-04-10,24000,6;;;;;;;
WKYNV,Wonder Blocks,Mainan Elektronik,2023-07-14,18000,75;;;;;;;
CMXCC,Creative Action Figure,Mainan Binatang,2023-10-05,17000,7;;;;;;;
KIZCJ,Happy Car,Mainan Elektronik,2023-12-10,37000,31;;;;;;;
CLIUV,Creative Animal,Mainan Lainnya,2023-07-02,95000,48;;;;;;;
BVSJG,Creative Action Figure,Mainan Edukasi,2023-08-03,101000,99;;;;;;;
UMDJT,Mega Blocks,Mainan Edukasi,2024-07-01,37000,35;;;;;;;
WMXNT,Wonder Car,Mainan Edukasi,2023-05-05,127000,9;;;;;;;
WIZSR,Star Animal,Mainan Kreatif,2023-04-10,42000,13;;;;;;;
FWWAL,Happy Craft,Mainan Lainnya,2024-01-27,137000,8;;;;;;;
SFPVA,Wonder Puzzle,Mainan Edukasi,2023-10-14,148000,58;;;;;;;
LGAUY,Creative Blocks,Mainan Binatang,2023-06-03,11000,64;;;;;;;
JGMZK,Power Doll,Mainan Lainnya,2023-03-13,17000,11;;;;;;;
GDLHX,Adventure Action Figure,Mainan Lainnya,2023-06-20,88000,87;;;;;;;
JKFQR,Mega Animal,Mainan Kreatif,2023-02-12,100000,44;;;;;;;
OKQOI,Mega Action Figure,Mainan Edukasi,2024-06-13,32000,4;;;;;;;
DCHOT,Mega Blocks,Mainan Binatang,2023-07-06,98000,78;;;;;;;
PGKEX,Super Blocks,Mainan Elektronik,2023-09-08,62000,38;;;;;;;
LUFRA,Wonder Car,Mainan Lainnya,2023-09-14,23000,85;;;;;;;
BDAEV,Magic Car,Mainan Elektronik,2023-10-31,89000,47;;;;;;;
FFTZF,Fun Craft,Mainan Binatang,2023-08-01,59000,84;;;;;;;
GTWPM,Power Blocks,Mainan Edukasi,2024-05-14,140000,67;;;;;;;
OYJON,Super Doll,Mainan Elektronik,2024-01-21,50000,82;;;;;;;
ZGXTY,Super Action Figure,Mainan Elektronik,2024-03-23,52000,29;;;;;;;
GAJKM,Happy Doll,Mainan Lainnya,2024-04-06,81000,53;;;;;;;
OQMFM,Star Set,Mainan Binatang,2023-07-06,27000,3;;;;;;;
INOCZ,Power Blocks,Mainan Binatang,2023-11-05,46000,41;;;;;;;
IZSFA,Creative Craft,Mainan Edukasi,2023-05-24,138000,70;;;;;;;
QEPJK,Adventure Blocks,Mainan Lainnya,2023-06-20,110000,6;;;;;;;
ICGAK,Mega Blocks,Mainan Elektronik,2024-05-05,46000,99;;;;;;;
SILVW,Mega Toy,Mainan Elektronik,2023-05-13,121000,45;;;;;;;
LENNN,Power Puzzle,Mainan Binatang,2024-04-23,104000,1;;;;;;;
OQXDK,Adventure Game,Mainan Kreatif,2023-10-22,46000,25;;;;;;;
YIQCP,Creative Set,Mainan Edukasi,2023-01-12,3000,41;;;;;;;
CDZER,Happy Animal,Mainan Edukasi,2023-03-16,82000,61;;;;;;;
ERFNS,Mega Blocks,Mainan Edukasi,2024-02-03,17000,29;;;;;;;
LGBQE,Super Toy,Mainan Lainnya,2024-04-09,61000,1;;;;;;;
YOFTJ,Happy Car,Mainan Binatang,2023-08-06,124000,11;;;;;;;
PIHQV,Fun Car,Mainan Edukasi,2023-11-05,102000,90;;;;;;;
NFQSC,Mega Toy,Mainan Edukasi,2024-03-05,5000,13;;;;;;;
RVZQO,Power Blocks,Mainan Edukasi,2024-04-12,74000,18;;;;;;;
XXJUZ,Wonder Action Figure,Mainan Kreatif,2024-04-23,36000,85;;;;;;;
IGQET,Star Action Figure,Mainan Lainnya,2023-01-26,60000,81;;;;;;;
UILEK,Mega Game,Mainan Elektronik,2024-04-12,109000,12;;;;;;;
ABGMQ,Happy Car,Mainan Binatang,2023-11-04,82000,63;;;;;;;
JXMMY,Creative Doll,Mainan Edukasi,2024-07-07,30000,53;;;;;;;
TBWZI,Fun Craft,Mainan Kreatif,2023-03-02,32000,10;;;;;;;
ASTYJ,Power Set,Mainan Binatang,2023-08-13,103000,71;;;;;;;
ADDEL,Mega Game,Mainan Elektronik,2024-06-25,129000,50;;;;;;;
BWHUO,Magic Toy,Mainan Edukasi,2024-06-18,92000,21;;;;;;;
GPPGA,Wonder Game,Mainan Binatang,2024-04-14,19000,85;;;;;;;
QOAGF,Creative Game,Mainan Elektronik,2024-06-03,78000,81;;;;;;;
OAKUG,Star Game,Mainan Binatang,2023-06-16,36000,41;;;;;;;
NFNUM,Magic Set,Mainan Binatang,2024-05-16,47000,33;;;;;;;
BQRPN,Magic Game,Mainan Kreatif,2023-01-23,62000,89;;;;;;;
BTNRZ,Star Action Figure,Mainan Kreatif,2023-07-28,76000,55;;;;;;;
VDHNK,Mega Game,Mainan Binatang,2023-09-11,35000,40;;;;;;;
PFNFE,Star Set,Mainan Kreatif,2023-02-13,89000,24;;;;;;;
YEKWB,Happy Set,Mainan Elektronik,2023-10-21,145000,64;;;;;;;
SFAUU,Mega Toy,Mainan Binatang,2023-04-25,86000,25;;;;;;;
YRPVM,Creative Car,Mainan Elektronik,2024-07-15,82000,3;;;;;;;
NMSBL,Adventure Set,Mainan Elektronik,2023-09-21,25000,18;;;;;;;
ZSOUZ,Creative Blocks,Mainan Binatang,2023-10-17,47000,98;;;;;;;
TKTVU,Creative Action Figure,Mainan Edukasi,2024-07-24,122000,9;;;;;;;
HXWBC,Super Craft,Mainan Lainnya,2024-04-16,110000,56;;;;;;;
FDEMM,Happy Game,Mainan Elektronik,2023-12-13,36000,75;;;;;;;
PELOT,Magic Craft,Mainan Elektronik,2024-05-26,5000,19;;;;;;;
NHHRT,Star Set,Mainan Kreatif,2024-07-09,79000,50;;;;;;;
RRSCU,Magic Doll,Mainan Elektronik,2023-01-13,21000,50;;;;;;;
CYTGV,Happy Craft,Mainan Binatang,2023-01-24,105000,2;;;;;;;
XWDPO,Power Car,Mainan Lainnya,2023-02-11,136000,61;;;;;;;
AQYIM,Creative Toy,Mainan Elektronik,2023-03-26,46000,61;;;;;;;
BSKRS,Star Craft,Mainan Lainnya,2023-05-14,34000,61;;;;;;;
VQMXB,Super Puzzle,Mainan Kreatif,2023-09-15,113000,28;;;;;;;
VAEPO,Magic Animal,Mainan Lainnya,2023-11-25,59000,31;;;;;;;
XJQCM,Happy Blocks,Mainan Binatang,2023-08-16,125000,30;;;;;;;
YNKPW,Creative Toy,Mainan Elektronik,2023-05-23,71000,48;;;;;;;
PCZHB,Wonder Animal,Mainan Elektronik,2024-03-03,144000,12;;;;;;;
ECJAR,Happy Animal,Mainan Binatang,2023-10-07,29000,94;;;;;;;
JOBOU,Mega Doll,Mainan Lainnya,2023-12-01,128000,32;;;;;;;
SRZHH,Star Car,Mainan Kreatif,2023-05-15,74000,5;;;;;;;
NRAWO,Wonder Set,Mainan Kreatif,2024-03-12,100000,71;;;;;;;
EDOYU,Creative Puzzle,Mainan Edukasi,2024-07-28,112000,89;;;;;;;
MDMIL,Wonder Toy,Mainan Elektronik,2024-06-01,15000,36;;;;;;;
QJODL,Magic Set,Mainan Binatang,2023-11-05,141000,78;;;;;;;
NAHXO,Wonder Blocks,Mainan Lainnya,2023-09-16,79000,60;;;;;;;
IBSNO,Wonder Game,Mainan Edukasi,2023-08-18,1000,22;;;;;;;
YGDQL,Happy Game,Mainan Edukasi,2024-06-12,90000,49;;;;;;;
USOXV,Creative Animal,Mainan Edukasi,2024-02-28,26000,83;;;;;;;
SZVLS,Adventure Puzzle,Mainan Lainnya,2023-03-29,119000,16;;;;;;;
FGQWR,Power Blocks,Mainan Edukasi,2023-01-19,84000,63;;;;;;;
HIHJQ,Magic Puzzle,Mainan Edukasi,2023-10-03,90000,30;;;;;;;
AYKNR,Adventure Set,Mainan Kreatif,2023-08-03,20000,33;;;;;;;
VIIYL,Creative Game,Mainan Binatang,2023-03-13,92000,15;;;;;;;
ESGOR,Creative Action Figure,Mainan Lainnya,2024-07-29,91000,45;;;;;;;
CQRKQ,Wonder Car,Mainan Kreatif,2023-07-27,78000,3;;;;;;;
KCRFP,Magic Game,Mainan Lainnya,2024-03-11,67000,14;;;;;;;
YMWSK,Mega Puzzle,Mainan Lainnya,2023-02-01,116000,42;;;;;;;
BPNHK,Creative Game,Mainan Binatang,2023-06-28,30000,15;;;;;;;
WTGRU,Happy Set,Mainan Edukasi,2024-04-26,42000,6;;;;;;;
VXKAH,Happy Puzzle,Mainan Edukasi,2024-05-02,66000,41;;;;;;;
TINGF,Adventure Action Figure,Mainan Elektronik,2023-11-18,82000,11;;;;;;;
ALGIK,Happy Car,Mainan Edukasi,2023-07-03,84000,14;;;;;;;
TGJNZ,Star Blocks,Mainan Edukasi,2024-03-24,132000,83;;;;;;;
OXNEM,Magic Action Figure,Mainan Lainnya,2023-12-22,121000,100;;;;;;;
FKSOU,Happy Car,Mainan Kreatif,2024-04-11,9000,5;;;;;;;
BWOAQ,Creative Doll,Mainan Kreatif,2024-05-27,111000,22;;;;;;;
TDSRC,Happy Game,Mainan Binatang,2024-01-12,33000,82;;;;;;;
SGTWM,Wonder Puzzle,Mainan Edukasi,2024-01-05,62000,98;;;;;;;
AQGLU,Adventure Animal,Mainan Edukasi,2023-01-18,87000,55;;;;;;;
CADBE,Creative Puzzle,Mainan Lainnya,2023-11-10,8000,27;;;;;;;
GJNIB,Creative Craft,Mainan Kreatif,2024-02-23,81000,23;;;;;;;
GJIYZ,Power Toy,Mainan Kreatif,2023-09-11,74000,37;;;;;;;
QMVAX,Happy Toy,Mainan Edukasi,2023-09-09,76000,38;;;;;;;
GXMQF,Wonder Craft,Mainan Kreatif,2024-07-03,82000,45;;;;;;;
JHBZF,Mega Action Figure,Mainan Binatang,2023-11-25,123000,26;;;;;;;
AZMBO,Wonder Blocks,Mainan Edukasi,2023-01-28,93000,72;;;;;;;
CZWPA,Creative Puzzle,Mainan Lainnya,2023-03-08,110000,100;;;;;;;
KGTHV,Magic Animal,Mainan Binatang,2023-11-09,89000,5;;;;;;;
RRAAP,Star Doll,Mainan Binatang,2023-03-30,135000,79;;;;;;;
EYRXV,Adventure Game,Mainan Elektronik,2023-09-07,43000,40;;;;;;;
AENWU,Wonder Car,Mainan Binatang,2023-04-20,54000,68;;;;;;;
QNLYY,Adventure Puzzle,Mainan Lainnya,2023-09-30,121000,65;;;;;;;
AZAPB,Magic Game,Mainan Binatang,2024-02-17,21000,80;;;;;;;
VSUKZ,Fun Action Figure,Mainan Elektronik,2024-02-27,39000,97;;;;;;;
MXJYG,Wonder Toy,Mainan Lainnya,2024-05-11,40000,32;;;;;;;
ROSQY,Star Car,Mainan Lainnya,2024-02-21,126000,17;;;;;;;
YLEVU,Adventure Craft,Mainan Elektronik,2024-05-22,144000,10;;;;;;;
VUGOT,Fun Blocks,Mainan Kreatif,2023-07-29,54000,49;;;;;;;
ILISV,Happy Blocks,Mainan Kreatif,2023-02-21,85000,49;;;;;;;
JJDYI,Power Game,Mainan Binatang,2024-03-14,123000,41;;;;;;;
WBWQG,Creative Car,Mainan Binatang,2024-04-14,94000,22;;;;;;;
ITGOZ,Fun Animal,Mainan Kreatif,2023-10-20,116000,76;;;;;;;
AXWKM,Wonder Set,Mainan Edukasi,2023-10-07,94000,76;;;;;;;
YUBXC,Wonder Craft,Mainan Edukasi,2024-07-19,60000,4;;;;;;;
LRTPN,Creative Puzzle,Mainan Lainnya,2024-07-24,117000,5;;;;;;;
HPPFV,Magic Toy,Mainan Binatang,2024-06-09,31000,61;;;;;;;
VQUPK,Fun Game,Mainan Edukasi,2023-11-14,42000,11;;;;;;;
TZASI,Wonder Animal,Mainan Binatang,2023-09-04,26000,77;;;;;;;
CBIXK,Magic Doll,Mainan Binatang,2023-12-29,135000,36;;;;;;;
TDHRJ,Happy Game,Mainan Edukasi,2024-05-26,134000,53;;;;;;;
OAPYA,Creative Puzzle,Mainan Kreatif,2023-02-28,10000,89;;;;;;;
DRQEK,Fun Toy,Mainan Edukasi,2024-02-19,18000,44;;;;;;;
SMOVN,Wonder Puzzle,Mainan Lainnya,2024-03-16,77000,29;;;;;;;
LEMXJ,Adventure Doll,Mainan Binatang,2023-10-05,55000,89;;;;;;;
XITYE,Adventure Animal,Mainan Edukasi,2024-02-11,57000,52;;;;;;;
OZTSW,Super Animal,Mainan Lainnya,2023-05-17,9000,52;;;;;;;
PAUAL,Mega Puzzle,Mainan Kreatif,2023-03-16,83000,4;;;;;;;
ILKWY,Mega Blocks,Mainan Lainnya,2024-07-22,42000,97;;;;;;;
YMIDI,Mega Craft,Mainan Binatang,2023-01-23,84000,55;;;;;;;
QDXJC,Magic Puzzle,Mainan Binatang,2023-07-15,128000,63;;;;;;;
WCEFQ,Fun Doll,Mainan Binatang,2024-03-31,105000,99;;;;;;;
TMBVC,Fun Puzzle,Mainan Binatang,2023-03-22,43000,48;;;;;;;
ZRFWG,Happy Action Figure,Mainan Lainnya,2024-07-30,67000,39;;;;;;;
XOQSC,Star Animal,Mainan Kreatif,2023-06-27,5000,29;;;;;;;
UTHNN,Adventure Blocks,Mainan Kreatif,2023-06-01,149000,45;;;;;;;
ZLPCD,Happy Animal,Mainan Elektronik,2023-11-03,73000,71;;;;;;;
JHCHJ,Star Car,Mainan Elektronik,2023-09-05,102000,71;;;;;;;
PEPYT,Mega Set,Mainan Lainnya,2023-03-09,31000,86;;;;;;;
XSKRC,Wonder Blocks,Mainan Elektronik,2024-06-23,66000,36;;;;;;;
SVSNN,Fun Animal,Mainan Edukasi,2024-03-15,35000,3;;;;;;;
PHZJZ,Wonder Toy,Mainan Edukasi,2023-03-02,135000,52;;;;;;;
YBPTO,Mega Car,Mainan Kreatif,2024-05-09,50000,23;;;;;;;
RCMIG,Fun Doll,Mainan Binatang,2023-12-19,148000,76;;;;;;;
AVIET,Adventure Puzzle,Mainan Edukasi,2023-05-06,21000,97;;;;;;;
FPVSO,Happy Puzzle,Mainan Binatang,2023-03-21,68000,26;;;;;;;
VNACQ,Wonder Action Figure,Mainan Kreatif,2023-03-02,56000,32;;;;;;;
NDCLC,Happy Action Figure,Mainan Binatang,2023-07-29,22000,10;;;;;;;
DXIWL,Creative Car,Mainan Elektronik,2024-01-04,60000,52;;;;;;;
YLSWP,Adventure Blocks,Mainan Binatang,2024-05-07,109000,8;;;;;;;
XQRIQ,Creative Set,Mainan Kreatif,2023-09-16,7000,50;;;;;;;
UPVEN,Fun Car,Mainan Edukasi,2023-11-27,122000,88;;;;;;;
QTBVC,Wonder Game,Mainan Lainnya,2023-06-24,7000,76;;;;;;;
AWJFH,Magic Car,Mainan Elektronik,2024-03-25,91000,10;;;;;;;
HRSZU,Mega Puzzle,Mainan Kreatif,2023-01-19,86000,49;;;;;;;
MOCXZ,Power Doll,Mainan Elektronik,2023-11-10,120000,18;;;;;;;
FDXYY,Star Craft,Mainan Kreatif,2024-07-26,109000,32;;;;;;;
ROUNL,Magic Puzzle,Mainan Lainnya,2024-02-11,122000,28;;;;;;;
BZJZC,Mega Doll,Mainan Edukasi,2023-09-17,119000,68;;;;;;;
BGFRP,Adventure Set,Mainan Lainnya,2024-05-22,10000,95;;;;;;;
AXJUU,Magic Blocks,Mainan Binatang,2023-02-17,1000,41;;;;;;;
OTXMH,Magic Toy,Mainan Binatang,2023-08-20,138000,45;;;;;;;
VFTOH,Happy Toy,Mainan Edukasi,2024-05-16,47000,92;;;;;;;
KBYHJ,Wonder Puzzle,Mainan Elektronik,2023-09-08,9000,72;;;;;;;
ARMUT,Creative Craft,Mainan Binatang,2023-05-26,54000,97;;;;;;;
YVWBY,Creative Doll,Mainan Kreatif,2023-09-06,29000,29;;;;;;;
IYLWR,Star Doll,Mainan Binatang,2023-08-21,5000,60;;;;;;;
BBGLX,Magic Animal,Mainan Lainnya,2023-06-06,144000,5;;;;;;;
DBKRO,Mega Set,Mainan Edukasi,2024-05-06,52000,47;;;;;;;
IPSLX,Magic Toy,Mainan Edukasi,2023-11-06,6000,58;;;;;;;
GIZUH,Magic Game,Mainan Elektronik,2023-12-26,113000,100;;;;;;;
BZWJF,Power Animal,Mainan Binatang,2023-07-26,108000,17;;;;;;;
MZSSD,Happy Doll,Mainan Elektronik,2023-06-06,139000,22;;;;;;;
CAVBO,Creative Set,Mainan Elektronik,2023-08-09,67000,83;;;;;;;
ORXKP,Power Action Figure,Mainan Edukasi,2023-08-01,4000,87;;;;;;;
IGSMI,Power Animal,Mainan Binatang,2023-05-06,1000,57;;;;;;;
QQRKA,Magic Toy,Mainan Kreatif,2023-12-12,126000,42;;;;;;;
MWTUW,Power Craft,Mainan Lainnya,2023-11-25,136000,56;;;;;;;
DTUXA,Star Blocks,Mainan Edukasi,2024-04-27,129000,48;;;;;;;
GYXZV,Creative Craft,Mainan Lainnya,2023-01-24,75000,43;;;;;;;
CEEQO,Magic Doll,Mainan Elektronik,2024-05-06,91000,63;;;;;;;
BYIIJ,Magic Action Figure,Mainan Lainnya,2024-03-21,80000,26;;;;;;;
ZNALX,Mega Craft,Mainan Elektronik,2023-03-26,148000,57;;;;;;;
RDZAA,Adventure Action Figure,Mainan Edukasi,2024-07-13,38000,68;;;;;;;
MDYLP,Power Set,Mainan Edukasi,2023-03-24,13000,23;;;;;;;
SDFZR,Wonder Animal,Mainan Elektronik,2023-10-26,149000,71;;;;;;;
RESHU,Creative Doll,Mainan Elektronik,2023-03-11,71000,38;;;;;;;
CHPKR,Fun Car,Mainan Elektronik,2023-10-14,4000,87;;;;;;;
ABDVD,Happy Set,Mainan Edukasi,2023-03-18,143000,91;;;;;;;
PSOUG,Magic Car,Mainan Binatang,2023-02-28,61000,76;;;;;;;
TJXWQ,Creative Action Figure,Mainan Lainnya,2023-08-13,26000,1;;;;;;;
CRTUA,Wonder Animal,Mainan Binatang,2024-05-29,77000,41;;;;;;;
DBBNS,Creative Game,Mainan Edukasi,2024-06-25,11000,16;;;;;;;
DHMZJ,Mega Doll,Mainan Edukasi,2024-02-05,106000,72;;;;;;;
HAHNQ,Magic Doll,Mainan Lainnya,2024-01-12,63000,71;;;;;;;
XXCYW,Power Game,Mainan Binatang,2024-05-05,97000,79;;;;;;;
CVMLU,Fun Game,Mainan Edukasi,2023-09-22,145000,13;;;;;;;
QQTAF,Fun Doll,Mainan Elektronik,2023-09-20,109000,45;;;;;;;
NIPHL,Creative Game,Mainan Lainnya,2024-01-15,18000,98;;;;;;;
DYZVN,Super Car,Mainan Lainnya,2024-07-24,134000,73;;;;;;;
ZOXVZ,Super Toy,Mainan Edukasi,2023-02-16,26000,87;;;;;;;
ZTQRU,Wonder Game,Mainan Binatang,2024-07-02,24000,37;;;;;;;
RUIDH,Mega Blocks,Mainan Elektronik,2023-05-26,58000,77;;;;;;;
MZFUE,Super Toy,Mainan Elektronik,2024-06-16,137000,83;;;;;;;
WTPIG,Adventure Blocks,Mainan Binatang,2024-07-19,28000,68;;;;;;;
EVUBA,Adventure Game,Mainan Elektronik,2023-02-24,101000,21;;;;;;;
NSZGV,Creative Car,Mainan Binatang,2023-11-13,53000,6;;;;;;;
WJRNN,Adventure Game,Mainan Binatang,2023-08-20,121000,38;;;;;;;
CJUGS,Creative Craft,Mainan Elektronik,2023-12-26,148000,89;;;;;;;
SYFIL,Power Craft,Mainan Binatang,2024-04-11,10000,54;;;;;;;
ELXIF,Creative Blocks,Mainan Elektronik,2024-06-11,88000,26;;;;;;;
GFCCB,Wonder Doll,Mainan Edukasi,2023-12-26,91000,90;;;;;;;
UYSWD,Fun Craft,Mainan Elektronik,2023-09-14,76000,35;;;;;;;
ETMLL,Super Toy,Mainan Edukasi,2023-08-07,34000,78;;;;;;;
UXPPH,Fun Action Figure,Mainan Kreatif,2024-07-23,53000,20;;;;;;;
MTEEO,Adventure Animal,Mainan Lainnya,2023-03-31,89000,22;;;;;;;
FGNJC,Mega Action Figure,Mainan Kreatif,2023-11-02,9000,8;;;;;;;
WRWTR,Mega Toy,Mainan Binatang,2024-05-01,88000,90;;;;;;;
OSECV,Happy Blocks,Mainan Binatang,2024-03-30,91000,18;;;;;;;
LCLDY,Power Game,Mainan Kreatif,2023-04-16,72000,62;;;;;;;
GBHXW,Creative Car,Mainan Edukasi,2023-04-09,17000,58;;;;;;;
YCBBQ,Creative Doll,Mainan Kreatif,2023-09-17,2000,44;;;;;;;
KFXIG,Wonder Animal,Mainan Kreatif,2024-06-28,49000,29;;;;;;;
ALBIH,Mega Toy,Mainan Binatang,2023-12-29,134000,90;;;;;;;
DJRFV,Fun Craft,Mainan Lainnya,2024-06-29,91000,8;;;;;;;
MJTAY,Adventure Doll,Mainan Binatang,2024-05-23,102000,46;;;;;;;
FPIWM,Wonder Set,Mainan Elektronik,2024-01-07,69000,73;;;;;;;
EGPHN,Star Action Figure,Mainan Binatang,2024-05-02,126000,85;;;;;;;
YQAZB,Wonder Animal,Mainan Kreatif,2023-01-22,119000,3;;;;;;;
BUHVA,Happy Blocks,Mainan Edukasi,2024-02-01,61000,99;;;;;;;
CAHDJ,Wonder Animal,Mainan Edukasi,2023-04-24,30000,59;;;;;;;
RVRAC,Creative Puzzle,Mainan Elektronik,2023-11-05,36000,99;;;;;;;
CGDTD,Power Craft,Mainan Binatang,2023-01-25,44000,47;;;;;;;
TNUNP,Happy Blocks,Mainan Elektronik,2023-12-15,57000,15;;;;;;;
ROTVZ,Super Puzzle,Mainan Lainnya,2024-07-20,38000,80;;;;;;;
TYEFN,Happy Game,Mainan Edukasi,2023-05-27,69000,89;;;;;;;
RWPWN,Star Craft,Mainan Lainnya,2024-05-28,120000,52;;;;;;;
SJWPK,Super Animal,Mainan Elektronik,2023-08-19,1000,40;;;;;;;
DRYAE,Power Blocks,Mainan Binatang,2024-03-18,61000,40;;;;;;;
DBKZY,Power Action Figure,Mainan Binatang,2024-03-20,149000,56;;;;;;;
MHVVK,Happy Doll,Mainan Kreatif,2023-10-14,130000,45;;;;;;;
HUWXJ,Mega Doll,Mainan Edukasi,2023-01-01,123000,48;;;;;;;
LXQXF,Star Action Figure,Mainan Kreatif,2024-03-29,116000,81;;;;;;;
PRTOG,Magic Craft,Mainan Lainnya,2024-01-17,32000,80;;;;;;;
KSOQI,Star Animal,Mainan Lainnya,2024-05-21,11000,1;;;;;;;
HVZIT,Mega Game,Mainan Elektronik,2023-05-14,101000,2;;;;;;;
HCWSP,Mega Set,Mainan Elektronik,2023-06-06,38000,12;;;;;;;
MECZG,Super Game,Mainan Lainnya,2023-10-11,67000,26;;;;;;;
PEUMP,Super Set,Mainan Kreatif,2024-03-28,131000,12;;;;;;;
APUGX,Magic Craft,Mainan Elektronik,2024-06-26,78000,7;;;;;;;
PMMXL,Adventure Puzzle,Mainan Lainnya,2023-02-20,107000,5;;;;;;;
SCUZS,Creative Toy,Mainan Lainnya,2023-11-18,88000,42;;;;;;;
BMLUD,Wonder Animal,Mainan Edukasi,2024-06-06,112000,45;;;;;;;
BDNPS,Wonder Doll,Mainan Binatang,2024-04-10,4000,28;;;;;;;
PFODB,Power Craft,Mainan Binatang,2023-03-19,60000,67;;;;;;;
PUYQG,Star Action Figure,Mainan Edukasi,2024-06-25,149000,65;;;;;;;
RUTOI,Star Game,Mainan Binatang,2024-07-28,70000,31;;;;;;;
YLWHS,Super Toy,Mainan Kreatif,2023-05-07,98000,77;;;;;;;
JKHKC,Adventure Car,Mainan Lainnya,2024-05-31,48000,78;;;;;;;
GWKWV,Magic Blocks,Mainan Binatang,2024-02-01,67000,29;;;;;;;
MIRUK,Fun Car,Mainan Elektronik,2023-02-06,136000,44;;;;;;;
KSRBK,Adventure Set,Mainan Binatang,2023-10-22,138000,70;;;;;;;
DKHLQ,Magic Doll,Mainan Kreatif,2024-03-30,78000,11;;;;;;;
YUKKR,Wonder Action Figure,Mainan Edukasi,2023-10-11,55000,33;;;;;;;
GEMLL,Mega Action Figure,Mainan Edukasi,2023-12-24,57000,12;;;;;;;
MMQKX,Super Puzzle,Mainan Elektronik,2024-06-20,13000,40;;;;;;;
BLKKZ,Power Toy,Mainan Kreatif,2023-01-09,40000,55;;;;;;;
PVZHL,Super Craft,Mainan Binatang,2024-01-11,36000,44;;;;;;;
YOZUC,Wonder Action Figure,Mainan Lainnya,2023-04-14,23000,25;;;;;;;
AQXSL,Creative Set,Mainan Edukasi,2023-04-09,130000,5;;;;;;;
SLGWS,Power Action Figure,Mainan Kreatif,2024-06-18,67000,32;;;;;;;
UBEEW,Power Car,Mainan Kreatif,2023-09-06,90000,20;;;;;;;
LUZBE,Fun Action Figure,Mainan Elektronik,2023-02-10,123000,100;;;;;;;
BZJLA,Creative Puzzle,Mainan Edukasi,2023-05-18,106000,90;;;;;;;
QGNQN,Magic Doll,Mainan Edukasi,2023-05-31,58000,22;;;;;;;
GGIZM,Power Doll,Mainan Kreatif,2023-03-31,56000,19;;;;;;;
MKCAV,Fun Game,Mainan Binatang,2023-12-12,90000,72;;;;;;;
CBMYV,Star Toy,Mainan Edukasi,2023-12-08,67000,80;;;;;;;
WOWKT,Super Action Figure,Mainan Edukasi,2023-04-24,68000,51;;;;;;;
YALHB,Magic Blocks,Mainan Binatang,2024-07-26,42000,59;;;;;;;
LNJYV,Creative Game,Mainan Elektronik,2023-07-17,29000,93;;;;;;;
BFAVC,Wonder Animal,Mainan Kreatif,2023-09-19,130000,90;;;;;;;
YYAAL,Happy Doll,Mainan Kreatif,2024-01-04,50000,22;;;;;;;
LIQVP,Magic Craft,Mainan Lainnya,2024-03-10,12000,35;;;;;;;
ZXCAK,Creative Animal,Mainan Kreatif,2023-07-06,141000,49;;;;;;;
EIYHB,Adventure Animal,Mainan Kreatif,2023-02-18,148000,89;;;;;;;
TLDMS,Super Doll,Mainan Elektronik,2023-09-27,92000,98;;;;;;;
NPGFK,Magic Game,Mainan Kreatif,2024-05-10,54000,21;;;;;;;
ZPLCS,Power Action Figure,Mainan Edukasi,2023-06-13,60000,48;;;;;;;
XBCGT,Happy Blocks,Mainan Lainnya,2024-01-21,101000,64;;;;;;;
SLQDN,Happy Animal,Mainan Binatang,2023-05-08,108000,91;;;;;;;
PXJTE,Mega Puzzle,Mainan Lainnya,2023-07-18,19000,88;;;;;;;
HVMMT,Mega Toy,Mainan Elektronik,2023-05-03,34000,94;;;;;;;
UMMXH,Creative Toy,Mainan Edukasi,2024-05-23,136000,92;;;;;;;
GNTZK,Wonder Puzzle,Mainan Lainnya,2024-04-21,70000,94;;;;;;;
HVYUQ,Wonder Puzzle,Mainan Kreatif,2023-05-10,43000,48;;;;;;;
UYPGU,Fun Car,Mainan Kreatif,2023-05-10,144000,30;;;;;;;
ULOTI,Adventure Puzzle,Mainan Binatang,2024-04-14,6000,16;;;;;;;
QWELV,Wonder Animal,Mainan Lainnya,2023-04-12,63000,77;;;;;;;
XSXYX,Star Puzzle,Mainan Kreatif,2023-04-27,143000,54;;;;;;;
SMEVY,Fun Set,Mainan Kreatif,2023-04-21,11000,71;;;;;;;
JNCMW,Fun Animal,Mainan Lainnya,2024-01-13,115000,70;;;;;;;
QUCZV,Super Animal,Mainan Binatang,2023-03-10,72000,76;;;;;;;
OJFRY,Happy Game,Mainan Edukasi,2024-02-19,125000,98;;;;;;;
FVCDX,Super Animal,Mainan Kreatif,2023-10-26,66000,63;;;;;;;
BUVWT,Adventure Game,Mainan Kreatif,2024-05-24,141000,73;;;;;;;
KOHNB,Fun Animal,Mainan Kreatif,2023-07-31,84000,84;;;;;;;
DYWOM,Fun Car,Mainan Binatang,2023-09-07,39000,64;;;;;;;
ACSHA,Mega Set,Mainan Edukasi,2023-12-07,62000,47;;;;;;;
UWZGP,Power Doll,Mainan Kreatif,2024-04-05,65000,14;;;;;;;
KBZYU,Wonder Set,Mainan Elektronik,2023-04-25,136000,80;;;;;;;
RRAQO,Fun Set,Mainan Edukasi,2024-03-01,137000,26;;;;;;;
VIKJQ,Star Blocks,Mainan Elektronik,2023-05-15,72000,50;;;;;;;
SPPSQ,Fun Craft,Mainan Edukasi,2024-03-01,54000,4;;;;;;;
OQIWF,Happy Action Figure,Mainan Edukasi,2023-09-15,18000,87;;;;;;;
MHAXZ,Wonder Blocks,Mainan Kreatif,2023-03-06,37000,17;;;;;;;
GLYUS,Power Toy,Mainan Binatang,2024-01-31,15000,74;;;;;;;
APZRE,Super Game,Mainan Lainnya,2023-10-18,4000,80;;;;;;;
UDHCY,Super Puzzle,Mainan Elektronik,2024-05-10,71000,99;;;;;;;
LKEHY,Adventure Toy,Mainan Kreatif,2023-02-04,60000,49;;;;;;;
JSTXH,Magic Action Figure,Mainan Lainnya,2023-07-16,62000,58;;;;;;;
ARUIG,Wonder Game,Mainan Lainnya,2023-02-24,48000,80;;;;;;;
ZMPAN,Adventure Action Figure,Mainan Elektronik,2023-06-01,6000,4;;;;;;;
LHZIS,Creative Game,Mainan Lainnya,2023-08-03,59000,8;;;;;;;
WOLZK,Mega Set,Mainan Elektronik,2024-05-30,27000,74;;;;;;;
ASEEI,Magic Set,Mainan Kreatif,2024-03-19,132000,21;;;;;;;
VZKLN,Star Puzzle,Mainan Lainnya,2023-07-29,4000,52;;;;;;;
VLKMM,Super Set,Mainan Binatang,2023-06-25,23000,60;;;;;;;
RCVCE,Power Doll,Mainan Binatang,2023-11-10,27000,31;;;;;;;
IHMPJ,Super Game,Mainan Edukasi,2023-12-18,92000,53;;;;;;;
VBRVF,Wonder Craft,Mainan Elektronik,2023-04-05,120000,22;;;;;;;
BNYQF,Star Doll,Mainan Elektronik,2023-08-20,116000,25;;;;;;;
DGHKZ,Star Set,Mainan Kreatif,2023-01-24,23000,4;;;;;;;
CHCRG,Magic Set,Mainan Binatang,2023-11-07,31000,28;;;;;;;
CKSEG,Power Craft,Mainan Kreatif,2024-06-29,136000,70;;;;;;;
IZPKL,Super Action Figure,Mainan Kreatif,2024-03-21,78000,92;;;;;;;
VEWOZ,Creative Puzzle,Mainan Binatang,2024-01-13,36000,20;;;;;;;
NCYHN,Super Toy,Mainan Edukasi,2023-03-21,134000,2;;;;;;;
BKCCH,Power Blocks,Mainan Edukasi,2024-01-07,100000,23;;;;;;;
CPQHU,Mega Car,Mainan Binatang,2024-06-22,85000,18;;;;;;;
TEQDO,Magic Craft,Mainan Elektronik,2023-12-19,53000,24;;;;;;;
WSOWU,Magic Blocks,Mainan Elektronik,2023-05-05,136000,6;;;;;;;
VSVDN,Mega Car,Mainan Binatang,2024-04-18,22000,83;;;;;;;
FOHOJ,Creative Doll,Mainan Binatang,2024-07-28,68000,36;;;;;;;
FDNQR,Wonder Car,Mainan Kreatif,2023-02-04,33000,88;;;;;;;
VVZOZ,Power Set,Mainan Kreatif,2023-08-21,106000,18;;;;;;;
QVPYY,Creative Blocks,Mainan Edukasi,2023-03-14,14000,51;;;;;;;
PFEAL,Power Car,Mainan Lainnya,2024-06-03,95000,66;;;;;;;
CUHLG,Fun Animal,Mainan Lainnya,2024-01-04,139000,75;;;;;;;
YWIVJ,Magic Animal,Mainan Edukasi,2023-01-11,95000,87;;;;;;;
IHXJO,Creative Car,Mainan Edukasi,2024-01-05,37000,44;;;;;;;
CGAWG,Creative Car,Mainan Binatang,2023-03-13,97000,65;;;;;;;
FYVHJ,Creative Set,Mainan Elektronik,2023-08-12,11000,75;;;;;;;
LHZQN,Adventure Set,Mainan Lainnya,2023-04-05,119000,2;;;;;;;
ECIYR,Magic Toy,Mainan Binatang,2023-04-11,65000,94;;;;;;;
JZDQI,Wonder Action Figure,Mainan Kreatif,2023-09-28,149000,22;;;;;;;
XZALT,Mega Car,Mainan Lainnya,2023-06-11,119000,47;;;;;;;
QUPGD,Wonder Action Figure,Mainan Edukasi,2024-07-27,141000,23;;;;;;;
TORVB,Adventure Craft,Mainan Binatang,2023-09-07,1000,73;;;;;;;
RNLFQ,Power Action Figure,Mainan Edukasi,2023-06-13,99000,91;;;;;;;
AMNBI,Creative Game,Mainan Lainnya,2023-12-28,86000,33;;;;;;;
MPBYA,Wonder Game,Mainan Binatang,2023-05-05,8000,93;;;;;;;
YKBEE,Super Puzzle,Mainan Edukasi,2024-02-02,149000,51;;;;;;;
HUNIL,Super Action Figure,Mainan Binatang,2023-01-24,62000,19;;;;;;;
PBKUV,Fun Animal,Mainan Elektronik,2023-02-10,139000,18;;;;;;;
PCUGA,Fun Craft,Mainan Edukasi,2023-02-25,89000,27;;;;;;;
BZLKP,Adventure Craft,Mainan Edukasi,2023-10-26,15000,47;;;;;;;
LPFUL,Magic Craft,Mainan Elektronik,2024-03-17,118000,41;;;;;;;
EOWLR,Happy Set,Mainan Elektronik,2023-09-02,73000,39;;;;;;;
VBVUT,Wonder Puzzle,Mainan Elektronik,2024-04-03,18000,79;;;;;;;
QFZKY,Creative Action Figure,Mainan Edukasi,2024-03-05,115000,69;;;;;;;
VYDLL,Creative Animal,Mainan Edukasi,2023-02-06,6000,61;;;;;;;
ZSPTM,Wonder Doll,Mainan Edukasi,2023-02-14,144000,92;;;;;;;
RIRQX,Adventure Doll,Mainan Elektronik,2023-05-12,2000,25;;;;;;;
TVOXJ,Happy Doll,Mainan Kreatif,2024-02-28,35000,49;;;;;;;
CTAWF,Mega Craft,Mainan Lainnya,2024-02-11,118000,57;;;;;;;
WWJBR,Magic Action Figure,Mainan Elektronik,2023-01-05,126000,97;;;;;;;
IMDNI,Fun Blocks,Mainan Edukasi,2024-06-15,48000,11;;;;;;;
RFZBH,Wonder Set,Mainan Edukasi,2023-12-23,79000,87;;;;;;;
KDZQP,Power Set,Mainan Kreatif,2024-07-02,59000,11;;;;;;;
AQRZJ,Power Craft,Mainan Lainnya,2023-08-22,42000,3;;;;;;;
SUNUG,Star Doll,Mainan Lainnya,2024-07-06,21000,17;;;;;;;
ECXDE,Happy Toy,Mainan Lainnya,2023-12-18,116000,25;;;;;;;
FDAVH,Magic Blocks,Mainan Edukasi,2024-03-18,12000,20;;;;;;;
SNCCJ,Happy Puzzle,Mainan Elektronik,2023-02-03,95000,48;;;;;;;
HATJQ,Wonder Game,Mainan Lainnya,2023-05-18,105000,58;;;;;;;
PDPWR,Magic Craft,Mainan Kreatif,2024-07-03,59000,49;;;;;;;
BRRCN,Star Puzzle,Mainan Binatang,2023-08-09,104000,62;;;;;;;
EBIAM,Super Car,Mainan Binatang,2023-09-30,66000,11;;;;;;;
YVLNJ,Star Doll,Mainan Lainnya,2023-11-27,117000,26;;;;;;;
PQFBT,Magic Doll,Mainan Binatang,2024-03-19,117000,48;;;;;;;
LNOUI,Super Action Figure,Mainan Binatang,2023-12-06,134000,17;;;;;;;
JGUDE,Power Action Figure,Mainan Edukasi,2023-06-22,123000,100;;;;;;;
KHEDK,Creative Animal,Mainan Lainnya,2024-04-05,50000,2;;;;;;;
HUDTD,Star Toy,Mainan Binatang,2024-07-29,137000,85;;;;;;;
SRRRM,Creative Game,Mainan Binatang,2023-07-26,14000,42;;;;;;;
EDEPO,Creative Set,Mainan Edukasi,2023-01-23,67000,24;;;;;;;
AKZWT,Wonder Doll,Mainan Kreatif,2023-04-12,84000,83;;;;;;;
IXJXN,Happy Action Figure,Mainan Elektronik,2023-04-10,69000,25;;;;;;;
MVQHS,Happy Blocks,Mainan Kreatif,2023-09-03,125000,89;;;;;;;
QFLAW,Super Action Figure,Mainan Edukasi,2023-12-19,62000,78;;;;;;;
RRXCY,Fun Craft,Mainan Lainnya,2023-03-18,21000,97;;;;;;;
HRBCY,Star Toy,Mainan Binatang,2023-04-19,104000,68;;;;;;;
ELZVE,Magic Doll,Mainan Edukasi,2023-07-25,101000,60;;;;;;;
TJWBK,Super Action Figure,Mainan Elektronik,2023-09-26,146000,67;;;;;;;
FADDW,Adventure Toy,Mainan Kreatif,2023-11-20,106000,28;;;;;;;
JVKWQ,Adventure Set,Mainan Elektronik,2024-07-28,120000,47;;;;;;;
JHGUJ,Magic Animal,Mainan Lainnya,2023-04-22,47000,39;;;;;;;
ZYYGK,Adventure Car,Mainan Elektronik,2023-04-24,100000,4;;;;;;;
MNGED,Fun Set,Mainan Binatang,2023-02-10,17000,100;;;;;;;
JWEVL,Creative Puzzle,Mainan Edukasi,2023-06-04,145000,20;;;;;;;
ZAXAK,Mega Animal,Mainan Elektronik,2023-12-11,55000,46;;;;;;;
LOAVD,Adventure Animal,Mainan Lainnya,2023-08-14,119000,42;;;;;;;
UEUDI,Mega Blocks,Mainan Lainnya,2023-11-04,107000,72;;;;;;;
GWOPU,Wonder Craft,Mainan Lainnya,2023-03-03,53000,58;;;;;;;
EYSMD,Fun Toy,Mainan Kreatif,2024-05-12,5000,14;;;;;;;
TMSCW,Adventure Set,Mainan Binatang,2023-01-28,87000,98;;;;;;;
BUJZV,Star Car,Mainan Elektronik,2023-05-31,22000,63;;;;;;;
IXGFM,Mega Animal,Mainan Kreatif,2024-03-27,29000,85;;;;;;;
URUTL,Adventure Blocks,Mainan Elektronik,2024-06-01,134000,74;;;;;;;
JVZBV,Happy Craft,Mainan Kreatif,2023-06-14,7000,50;;;;;;;
MJGJU,Mega Doll,Mainan Kreatif,2023-03-14,136000,25;;;;;;;
MKJVB,Super Craft,Mainan Edukasi,2023-04-08,145000,25;;;;;;;
AFZED,Mega Blocks,Mainan Elektronik,2024-01-12,117000,2;;;;;;;
FGPUF,Fun Animal,Mainan Binatang,2023-12-27,12000,24;;;;;;;
WEWOJ,Creative Action Figure,Mainan Kreatif,2023-06-01,70000,59;;;;;;;
CFUBD,Mega Doll,Mainan Edukasi,2023-01-02,105000,28;;;;;;;
HJOQF,Super Set,Mainan Kreatif,2023-06-10,86000,77;;;;;;;
DTHMI,Adventure Craft,Mainan Binatang,2024-06-24,46000,39;;;;;;;
MWXSR,Mega Animal,Mainan Binatang,2024-03-14,72000,61;;;;;;;
WNUEU,Wonder Puzzle,Mainan Lainnya,2024-07-03,102000,58;;;;;;;
NRYSE,Happy Blocks,Mainan Edukasi,2024-03-25,66000,92;;;;;;;
ITKYN,Adventure Action Figure,Mainan Binatang,2023-08-05,72000,66;;;;;;;
DIZPY,Power Action Figure,Mainan Binatang,2023-05-01,135000,31;;;;;;;
ZRGUU,Creative Blocks,Mainan Edukasi,2024-07-01,1000,15;;;;;;;
DCWDZ,Fun Action Figure,Mainan Elektronik,2023-06-03,71000,43;;;;;;;
IFDXJ,Power Animal,Mainan Edukasi,2023-07-13,92000,30;;;;;;;
CLPTP,Star Doll,Mainan Lainnya,2023-06-26,78000,4;;;;;;;
QQMCK,Super Toy,Mainan Edukasi,2024-01-22,32000,92;;;;;;;
BMSAK,Wonder Craft,Mainan Kreatif,2024-04-26,32000,64;;;;;;;
JFTBP,Super Doll,Mainan Kreatif,2023-01-29,62000,76;;;;;;;
